{"cameraMode":{"drawMode":0,"name":"Shaded","section":"Shading Mode"},"sceneLighting":true,"audioPlay":false,"sceneViewState":{"m_AlwaysRefresh":false,"showFog":true,"showSkybox":true,"showFlares":true,"showImageEffects":true,"showParticleSystems":true,"showVisualEffectGraphs":true,"m_FxEnabled":true},"in2DMode":false,"pivot":{"x":-52.005489349365237,"y":5.197000503540039,"z":-57.98701477050781},"rotation":{"x":0.14221155643463136,"y":-0.33097028732299807,"z":0.05052933469414711,"w":0.9314965009689331},"size":24.847332000732423,"orthographic":true}