{"cameraMode":{"drawMode":0,"name":"Shaded","section":"Shading Mode"},"sceneLighting":true,"audioPlay":false,"sceneViewState":{"m_AlwaysRefresh":false,"showFog":true,"showSkybox":true,"showFlares":true,"showImageEffects":true,"showParticleSystems":true,"showVisualEffectGraphs":true,"m_FxEnabled":true},"in2DMode":false,"pivot":{"x":-35.3630256652832,"y":1.3639744520187379,"z":-51.33884048461914},"rotation":{"x":0.022424321621656419,"y":0.08089100569486618,"z":-0.0018203885992988945,"w":0.9964702129364014},"size":42.974708557128909,"orthographic":true}